"parameters","AICc","adj.r.squared","deltaAICc"
"(Intercept), pdo_mean_10y, PC1, PC2",-345.821487173485,0.647417794419048,0
"(Intercept), pdo_mean_10y",-344.515987728481,0.625606942475726,1.30549944500353
"(Intercept), pdo_mean_10y, enso_phaseLaNina, enso_phaseNeutral, PC1, PC2",-343.824631316272,0.651791993884793,1.99685585721255
"(Intercept), pdo_mean_10y, enso_phaseLaNina, enso_phaseNeutral",-341.201300695357,0.621023493093782,4.62018647812744
"(Intercept), enso_phaseLaNina, enso_phaseNeutral, PC1, PC2",-290.249161495879,0.177543176753494,55.5723256776056
"(Intercept), PC1, PC2",-288.552552781381,0.119577264764712,57.268934392104
"(Intercept), enso_phaseLaNina, enso_phaseNeutral",-283.069009593589,0.0408163718010714,62.7524775798962
"(Intercept)",-282.818503611606,0,63.0029835618784
